ID,driverName,driverNumber,driverLicenseNumber
3060363b-a04b-4a16-bb5e-551181750746,driverName-3060363,driverNumber-3060363,driverLicenseNumber-3060363
30603643-28a1-40ed-b9b3-110e7ae222a5,driverName-3060364,driverNumber-3060364,driverLicenseNumber-3060364
30603652-7a8d-47d2-8fe9-a29ffeb7c96f,driverName-3060365,driverNumber-3060365,driverLicenseNumber-3060365
30603660-be67-4f5e-86e8-6f87e3334208,driverName-3060366,driverNumber-3060366,driverLicenseNumber-3060366
3060367e-9700-4bda-89b2-e33db9e141e9,driverName-3060367,driverNumber-3060367,driverLicenseNumber-3060367
30603685-5f02-4b46-8240-e73799cb95d3,driverName-3060368,driverNumber-3060368,driverLicenseNumber-3060368
30603692-f8d8-4664-92fd-7baaee99ab2d,driverName-3060369,driverNumber-3060369,driverLicenseNumber-3060369
30603703-cf30-44b5-a789-e5b54c539c7b,driverName-3060370,driverNumber-3060370,driverLicenseNumber-3060370
30603716-3876-4109-9639-36ee19aee3ef,driverName-3060371,driverNumber-3060371,driverLicenseNumber-3060371
30603723-6909-43f6-b22d-2fdc4f1a5706,driverName-3060372,driverNumber-3060372,driverLicenseNumber-3060372